Id,Category
17983.jpg,2
12833.jpg,0
13056.jpg,1
12615.jpg,1
13916.jpg,2
15062.jpg,0
14780.jpg,0
13926.jpg,0
15855.jpg,1
12128.jpg,1
14842.jpg,0
14658.jpg,0
14094.jpg,0
16253.jpg,1
16426.jpg,0
11499.jpg,1
15867.jpg,1
15010.jpg,0
11115.jpg,0
13536.jpg,1
17294.jpg,1
15359.jpg,1
10239.jpg,1
16024.jpg,0
17557.jpg,1
13475.jpg,2
12270.jpg,0
11755.jpg,1
12172.jpg,2
10001.jpg,2
14175.jpg,0
16337.jpg,2
15737.jpg,1
17427.jpg,1
14466.jpg,0
18063.jpg,1
11286.jpg,0
12970.jpg,1
16591.jpg,0
10845.jpg,0
13938.jpg,0
13931.jpg,0
13326.jpg,1
11377.jpg,0
13892.jpg,1
17130.jpg,1
17424.jpg,1
12277.jpg,1
10662.jpg,0
12158.jpg,0
11941.jpg,0
12332.jpg,2
15419.jpg,2
16748.jpg,1
17052.jpg,0
11277.jpg,1
15532.jpg,0
14626.jpg,1
10863.jpg,1
15918.jpg,0
12964.jpg,0
12223.jpg,1
17512.jpg,2
18000.jpg,1
10330.jpg,0
17893.jpg,0
15247.jpg,1
13663.jpg,0
11260.jpg,1
12775.jpg,2
11362.jpg,1
17532.jpg,2
14541.jpg,1
14932.jpg,2
12996.jpg,0
17338.jpg,1
12918.jpg,1
15159.jpg,1
17816.jpg,1
17514.jpg,1
11587.jpg,1
16971.jpg,0
15356.jpg,1
13894.jpg,1
12772.jpg,0
11322.jpg,1
13344.jpg,0
17636.jpg,1
10800.jpg,0
12634.jpg,0
12448.jpg,2
17156.jpg,1
17939.jpg,1
16336.jpg,0
15953.jpg,2
11739.jpg,1
13030.jpg,0
12567.jpg,2
17715.jpg,0
14264.jpg,1
13554.jpg,2
12636.jpg,0
12191.jpg,1
11026.jpg,0
17530.jpg,2
13031.jpg,0
12251.jpg,0
15341.jpg,0
13974.jpg,2
17758.jpg,1
16956.jpg,1
16717.jpg,2
11300.jpg,1
12533.jpg,1
10477.jpg,1
11702.jpg,2
17536.jpg,2
16325.jpg,0
14169.jpg,1
13107.jpg,2
11222.jpg,0
12717.jpg,2
10581.jpg,2
15017.jpg,1
14120.jpg,2
10494.jpg,0
13273.jpg,0
10691.jpg,1
17415.jpg,2
14435.jpg,0
13818.jpg,0
13348.jpg,2
14760.jpg,2
14033.jpg,2
17762.jpg,0
14543.jpg,0
18203.jpg,0
13888.jpg,0
12424.jpg,1
12802.jpg,2
14779.jpg,1
10572.jpg,1
16356.jpg,2
11202.jpg,2
13633.jpg,0
16682.jpg,0
16006.jpg,1
17692.jpg,1
16348.jpg,2
10259.jpg,1
10760.jpg,0
13693.jpg,2
17743.jpg,1
11839.jpg,0
16071.jpg,0
13527.jpg,0
12912.jpg,0
15851.jpg,0
15872.jpg,0
11897.jpg,1
14864.jpg,0
14403.jpg,2
14790.jpg,1
12142.jpg,0
16278.jpg,0
10370.jpg,1
10411.jpg,1
17967.jpg,2
12992.jpg,2
18029.jpg,1
11764.jpg,1
15240.jpg,1
15782.jpg,1
10125.jpg,1
11681.jpg,0
15116.jpg,0
15539.jpg,1
16906.jpg,1
13161.jpg,1
11852.jpg,0
15661.jpg,1
15824.jpg,2
12532.jpg,0
11850.jpg,0
10530.jpg,2
16999.jpg,2
13911.jpg,0
12972.jpg,1
11345.jpg,0
17520.jpg,1
10782.jpg,2
13942.jpg,1
16850.jpg,0
11785.jpg,0
14619.jpg,0
12535.jpg,0
16019.jpg,0
11616.jpg,2
14215.jpg,1
14327.jpg,2
16470.jpg,2
11205.jpg,1
16192.jpg,1
12799.jpg,1
14113.jpg,0
17475.jpg,1
13407.jpg,2
11680.jpg,0
16779.jpg,0
13584.jpg,2
13381.jpg,2
11045.jpg,1
18162.jpg,2
18078.jpg,1
14491.jpg,2
13322.jpg,2
15660.jpg,0
10074.jpg,1
13870.jpg,0
12503.jpg,0
16930.jpg,0
15505.jpg,2
17468.jpg,0
13219.jpg,0
10396.jpg,1
15231.jpg,0
17901.jpg,0
16920.jpg,1
18123.jpg,2
14199.jpg,0
11740.jpg,1
17153.jpg,1
11204.jpg,1
18153.jpg,1
14956.jpg,1
13701.jpg,2
10571.jpg,1
16853.jpg,2
14314.jpg,0
10346.jpg,0
15940.jpg,1
16324.jpg,1
15641.jpg,0
17744.jpg,0
10120.jpg,2
10641.jpg,1
15238.jpg,0
13490.jpg,0
10296.jpg,0
11233.jpg,1
16052.jpg,2
12679.jpg,0
17803.jpg,0
11176.jpg,1
15422.jpg,0
17363.jpg,2
11137.jpg,1
11559.jpg,1
13503.jpg,0
17164.jpg,0
11980.jpg,2
10213.jpg,1
13524.jpg,2
14740.jpg,1
11012.jpg,1
12352.jpg,1
14412.jpg,2
10643.jpg,1
10326.jpg,0
12995.jpg,0
11612.jpg,1
12489.jpg,0
12646.jpg,0
14554.jpg,1
18067.jpg,0
17078.jpg,1
12988.jpg,1
10100.jpg,1
11773.jpg,0
11221.jpg,1
12710.jpg,0
17755.jpg,0
10620.jpg,0
18102.jpg,0
15498.jpg,1
12385.jpg,1
14195.jpg,2
14077.jpg,1
11210.jpg,1
14078.jpg,1
14729.jpg,2
12809.jpg,1
16610.jpg,0
11412.jpg,1
17422.jpg,0
12243.jpg,1
16719.jpg,0
15509.jpg,1
10715.jpg,2
15910.jpg,2
14391.jpg,2
17598.jpg,1
13656.jpg,0
16911.jpg,1
14984.jpg,2
14514.jpg,1
16831.jpg,0
10473.jpg,2
11522.jpg,1
10040.jpg,2
17524.jpg,1
15040.jpg,0
17649.jpg,2
13046.jpg,0
15119.jpg,1
17236.jpg,1
17492.jpg,0
15242.jpg,1
17223.jpg,1
11653.jpg,1
16761.jpg,2
14993.jpg,0
17319.jpg,0
15423.jpg,2
12557.jpg,0
16065.jpg,1
10242.jpg,1
11906.jpg,2
14207.jpg,1
17773.jpg,0
17566.jpg,0
11365.jpg,2
10999.jpg,1
17855.jpg,0
14230.jpg,1
14201.jpg,0
13543.jpg,2
11880.jpg,0
17055.jpg,0
12619.jpg,1
15365.jpg,0
11398.jpg,0
14422.jpg,1
12008.jpg,1
15371.jpg,0
18049.jpg,1
14655.jpg,0
16259.jpg,1
16837.jpg,1
18099.jpg,2
10520.jpg,2
17897.jpg,1
14767.jpg,2
15292.jpg,2
14742.jpg,0
11425.jpg,1
13318.jpg,2
11904.jpg,1
16843.jpg,2
12786.jpg,1
17921.jpg,1
13100.jpg,1
16195.jpg,1
11790.jpg,0
15625.jpg,1
13220.jpg,1
13087.jpg,0
10873.jpg,0
17278.jpg,0
12822.jpg,0
10084.jpg,1
11734.jpg,1
11986.jpg,0
10812.jpg,1
16446.jpg,2
16888.jpg,2
18125.jpg,1
11579.jpg,2
10853.jpg,2
14648.jpg,1
17523.jpg,2
17116.jpg,2
10323.jpg,2
15050.jpg,0
16966.jpg,1
17318.jpg,0
14014.jpg,0
15244.jpg,0
11754.jpg,2
17108.jpg,0
14533.jpg,2
16628.jpg,2
13710.jpg,0
15700.jpg,1
12846.jpg,2
10349.jpg,1
13617.jpg,2
13830.jpg,1
17229.jpg,2
13980.jpg,2
13091.jpg,0
17392.jpg,0
16330.jpg,2
14404.jpg,2
14726.jpg,2
16276.jpg,2
13373.jpg,0
10382.jpg,2
17498.jpg,0
17864.jpg,1
14548.jpg,2
11315.jpg,2
11955.jpg,1
15710.jpg,1
16392.jpg,0
11175.jpg,1
12359.jpg,1
10727.jpg,2
11558.jpg,1
11136.jpg,2
10148.jpg,1
13392.jpg,1
11783.jpg,1
11638.jpg,1
10324.jpg,0
15135.jpg,2
16793.jpg,1
15956.jpg,2
10289.jpg,1
11877.jpg,1
10437.jpg,1
11130.jpg,2
15043.jpg,2
11439.jpg,1
17404.jpg,1
16826.jpg,1
16505.jpg,1
10328.jpg,0
13506.jpg,0
10850.jpg,1
11488.jpg,2
13760.jpg,1
15644.jpg,0
10459.jpg,0
15482.jpg,1
10771.jpg,1
15190.jpg,0
14217.jpg,0
16570.jpg,2
14981.jpg,1
