Id,Category
11045.jpg,1
12533.jpg,1
15625.jpg,2
18029.jpg,2
11362.jpg,1
12359.jpg,1
17078.jpg,1
15532.jpg,0
12223.jpg,2
17755.jpg,0
11221.jpg,1
13524.jpg,2
17156.jpg,1
11980.jpg,0
17939.jpg,1
12996.jpg,0
14422.jpg,1
17424.jpg,1
13318.jpg,2
17363.jpg,2
18102.jpg,0
16195.jpg,1
11653.jpg,1
14169.jpg,1
15872.jpg,0
17492.jpg,0
11906.jpg,2
11136.jpg,2
14113.jpg,0
10100.jpg,2
15851.jpg,0
11499.jpg,1
16392.jpg,0
11850.jpg,0
18123.jpg,2
14533.jpg,2
14984.jpg,2
17223.jpg,2
16956.jpg,1
11612.jpg,1
15910.jpg,2
10040.jpg,2
15231.jpg,0
12008.jpg,1
11897.jpg,1
15505.jpg,2
18099.jpg,2
16325.jpg,0
16052.jpg,2
15010.jpg,0
12799.jpg,1
17598.jpg,2
10662.jpg,0
14726.jpg,0
16930.jpg,2
13916.jpg,2
12775.jpg,2
14514.jpg,2
11398.jpg,0
15359.jpg,1
11175.jpg,1
17524.jpg,1
17557.jpg,1
17468.jpg,0
16850.jpg,0
10477.jpg,2
11222.jpg,0
12191.jpg,1
18049.jpg,1
16019.jpg,0
12557.jpg,2
14541.jpg,1
14648.jpg,1
16906.jpg,1
17762.jpg,2
17897.jpg,2
10328.jpg,0
15422.jpg,0
18000.jpg,1
15238.jpg,0
17514.jpg,1
17392.jpg,0
16006.jpg,1
14403.jpg,2
14404.jpg,1
14956.jpg,2
12532.jpg,2
15661.jpg,0
11773.jpg,0
14491.jpg,2
17475.jpg,1
14981.jpg,2
13219.jpg,0
16719.jpg,0
15509.jpg,1
13475.jpg,2
12995.jpg,0
15419.jpg,2
13046.jpg,0
17318.jpg,0
14314.jpg,1
12918.jpg,2
12802.jpg,2
12615.jpg,1
13892.jpg,1
12567.jpg,2
13322.jpg,2
16570.jpg,2
18067.jpg,0
17532.jpg,2
16837.jpg,2
17983.jpg,2
12352.jpg,1
14658.jpg,0
11488.jpg,2
13392.jpg,1
14742.jpg,2
13710.jpg,2
17855.jpg,0
14435.jpg,0
11755.jpg,1
13056.jpg,2
13830.jpg,2
12809.jpg,1
12535.jpg,0
10346.jpg,0
17319.jpg,2
11439.jpg,1
11587.jpg,2
16911.jpg,1
11277.jpg,2
16470.jpg,2
16337.jpg,1
14094.jpg,0
11734.jpg,2
17052.jpg,0
17692.jpg,1
11204.jpg,1
16826.jpg,1
16610.jpg,0
10643.jpg,1
16843.jpg,1
17715.jpg,0
17498.jpg,0
15119.jpg,1
16426.jpg,0
13536.jpg,1
10323.jpg,2
12385.jpg,1
11941.jpg,0
10771.jpg,1
13407.jpg,2
16920.jpg,1
10999.jpg,1
16793.jpg,1
15240.jpg,2
12619.jpg,1
17427.jpg,2
17636.jpg,1
10437.jpg,2
15244.jpg,0
14215.jpg,1
13381.jpg,2
16024.jpg,0
15737.jpg,1
13894.jpg,2
14207.jpg,1
12128.jpg,2
17520.jpg,1
15242.jpg,2
12243.jpg,1
13107.jpg,2
17278.jpg,0
15700.jpg,2
13584.jpg,2
14230.jpg,1
10120.jpg,2
11012.jpg,2
15940.jpg,1
10727.jpg,2
16761.jpg,2
18153.jpg,2
16348.jpg,2
15043.jpg,2
14078.jpg,1
14195.jpg,0
11286.jpg,0
11115.jpg,0
12679.jpg,0
17773.jpg,0
11783.jpg,2
12636.jpg,0
11202.jpg,1
17816.jpg,1
11365.jpg,2
13633.jpg,0
12424.jpg,1
12833.jpg,0
16591.jpg,0
15135.jpg,2
13348.jpg,2
16779.jpg,0
10459.jpg,0
12970.jpg,2
14175.jpg,0
10074.jpg,1
13091.jpg,0
11790.jpg,0
13543.jpg,1
17530.jpg,2
13503.jpg,2
15855.jpg,1
14729.jpg,1
16999.jpg,2
10581.jpg,2
11986.jpg,0
15498.jpg,1
16330.jpg,2
11412.jpg,1
15017.jpg,1
16065.jpg,1
15710.jpg,1
15356.jpg,1
10530.jpg,1
11702.jpg,2
10084.jpg,2
16853.jpg,1
14655.jpg,0
14543.jpg,0
13926.jpg,0
14033.jpg,1
13818.jpg,0
17512.jpg,2
10520.jpg,2
17803.jpg,0
10641.jpg,1
17236.jpg,1
14077.jpg,1
10324.jpg,0
17566.jpg,1
10382.jpg,2
12172.jpg,2
11579.jpg,1
10845.jpg,0
11740.jpg,1
10473.jpg,1
11205.jpg,1
14264.jpg,1
14412.jpg,1
17153.jpg,1
14740.jpg,1
14014.jpg,0
11425.jpg,2
18078.jpg,1
10001.jpg,1
10571.jpg,1
11904.jpg,1
17743.jpg,1
13980.jpg,1
12646.jpg,0
11880.jpg,0
12717.jpg,2
14767.jpg,2
12772.jpg,0
13870.jpg,0
14548.jpg,2
12448.jpg,2
11681.jpg,2
11300.jpg,1
16276.jpg,0
11754.jpg,2
15539.jpg,1
15365.jpg,0
11785.jpg,0
14466.jpg,2
10259.jpg,1
16071.jpg,0
10213.jpg,2
13220.jpg,1
17116.jpg,0
12710.jpg,0
12964.jpg,2
16971.jpg,0
13030.jpg,2
12972.jpg,1
13656.jpg,0
16446.jpg,2
10411.jpg,1
11026.jpg,0
13888.jpg,0
17422.jpg,2
17108.jpg,0
11852.jpg,0
16831.jpg,0
16717.jpg,2
17864.jpg,2
10812.jpg,1
12489.jpg,0
13617.jpg,0
13938.jpg,0
15292.jpg,2
14201.jpg,2
15482.jpg,2
13326.jpg,2
18125.jpg,1
15247.jpg,1
12988.jpg,1
15953.jpg,0
15867.jpg,1
10242.jpg,1
11638.jpg,1
16278.jpg,0
16888.jpg,0
17649.jpg,2
11839.jpg,0
17404.jpg,1
10715.jpg,2
15341.jpg,0
13273.jpg,0
14619.jpg,0
13344.jpg,0
10326.jpg,2
11377.jpg,0
10620.jpg,0
17055.jpg,2
12822.jpg,0
17921.jpg,1
18203.jpg,2
13974.jpg,2
15190.jpg,0
10370.jpg,1
11764.jpg,1
17164.jpg,0
10125.jpg,1
13942.jpg,2
10691.jpg,1
14760.jpg,1
12332.jpg,2
14993.jpg,0
15159.jpg,1
13527.jpg,0
10239.jpg,1
16505.jpg,1
11680.jpg,0
11233.jpg,1
14217.jpg,0
17415.jpg,2
10853.jpg,1
18162.jpg,0
15782.jpg,1
13031.jpg,0
14391.jpg,2
14554.jpg,1
11877.jpg,2
17967.jpg,2
14626.jpg,1
15644.jpg,0
14779.jpg,1
11739.jpg,1
12786.jpg,1
13663.jpg,0
16253.jpg,1
15918.jpg,0
15641.jpg,0
17338.jpg,1
14864.jpg,0
17758.jpg,2
15040.jpg,2
11558.jpg,1
11559.jpg,2
11522.jpg,1
17523.jpg,1
15824.jpg,2
10289.jpg,1
15062.jpg,0
13100.jpg,2
17901.jpg,0
13087.jpg,0
10863.jpg,1
17294.jpg,1
17130.jpg,1
12270.jpg,0
11955.jpg,1
16324.jpg,2
12158.jpg,0
13931.jpg,1
15050.jpg,0
11130.jpg,2
15660.jpg,0
16966.jpg,1
16628.jpg,1
18063.jpg,1
15116.jpg,0
13161.jpg,1
12251.jpg,0
16682.jpg,0
10494.jpg,0
13760.jpg,1
14932.jpg,2
11210.jpg,1
10850.jpg,2
14199.jpg,0
12992.jpg,2
10873.jpg,0
17893.jpg,0
16748.jpg,2
13490.jpg,0
13911.jpg,0
10296.jpg,0
14842.jpg,0
14790.jpg,1
11137.jpg,2
13701.jpg,1
16336.jpg,0
11322.jpg,1
17744.jpg,0
12142.jpg,0
12912.jpg,0
11616.jpg,2
11176.jpg,2
10349.jpg,1
10396.jpg,1
10760.jpg,0
10148.jpg,1
12503.jpg,0
11260.jpg,1
10782.jpg,0
14120.jpg,2
12846.jpg,2
16192.jpg,2
13554.jpg,2
14327.jpg,2
16356.jpg,2
11345.jpg,0
16259.jpg,1
12634.jpg,0
13506.jpg,0
17536.jpg,0
13693.jpg,2
10572.jpg,1
17229.jpg,1
14780.jpg,0
10800.jpg,0
15423.jpg,2
15956.jpg,0
10330.jpg,0
11315.jpg,2
12277.jpg,2
13373.jpg,0
15371.jpg,0
